{
  "version": 1,
  "author": "zakaria elalaoui",
  "editor": "wokwi",
  "parts": [
    { "type": "wokwi-arduino-uno", "id": "uno", "top": -83.34, "left": 170.66, "attrs": {} },
    {
      "type": "wokwi-buzzer",
      "id": "bz1",
      "top": -271.59,
      "left": 290.72,
      "attrs": { "volume": "0.1" }
    },
    { "type": "wokwi-hc-sr04", "id": "ultrasonic1", "top": -70.5, "left": -50.9, "attrs": {} },
    {
      "type": "wokwi-led",
      "id": "led1",
      "top": -237.6,
      "left": 373.4,
      "attrs": { "color": "red" }
    }
  ],
  "connections": [
    [ "ultrasonic1:GND", "uno:GND.2", "black", [ "v108.07", "h289.27" ] ],
    [ "ultrasonic1:ECHO", "uno:13", "green", [ "v27.4", "h107.93", "v-161.33", "h138.67" ] ],
    [ "ultrasonic1:TRIG", "uno:12", "green", [ "v42.73", "h112.6", "v-190.67", "h154" ] ],
    [ "ultrasonic1:VCC", "uno:5V", "red", [ "v125.4", "h309.27" ] ],
    [ "led1:A", "uno:2", "green", [ "v0" ] ],
    [ "led1:C", "uno:GND.1", "black", [ "v31.67", "h-128.07" ] ],
    [ "bz1:2", "uno:10", "green", [ "v0" ] ],
    [ "bz1:1", "uno:GND.1", "black", [ "v19.66", "h-41.39" ] ]
  ],
  "dependencies": {}
}